{
    "frame_level": {
        "roc_auc": 0.9868869201618645,
        "pr_auc": 0.9820231129444349,
        "optimal_threshold": 0.4252096712589264,
        "f1_score": 0.9328999764152764,
        "false_alarm_rate": 0.06222925966878041,
        "miss_detection_rate": 0.05389051995100588,
        "precision_at_recall90": 0.9483397647414926
    },
    "clip_level": {
        "roc_auc": 0.9847788343370031,
        "pr_auc": 0.9877984855352298,
        "optimal_threshold": 0.26424938440322876,
        "f1_score": 0.9451008645533141
    }
}