{
    "frame_f1": {
        "pytorch": 0.9328999764152764,
        "quantized": 0.9272991500641846
    },
    "frame_auc": {
        "pytorch": 0.9868869201618645,
        "quantized": 0.9845400650710794
    },
    "clip_f1": {
        "pytorch": 0.9451008645533141,
        "quantized": 0.9358207880141179
    },
    "clip_auc": {
        "pytorch": 0.9847788343370031,
        "quantized": 0.9809257597178256
    }
}